"PODAR WORLD SCHOOL,BADWAI BHOPAL",,,,,,,,,,,,,,,,,,,,
RESULT ANALYSIS 2025-26,,,,,,,,,,,,,,,,,,,,
CLASS V,,,,,,,,,,,,,,,,,,,,
S. No.,Student Name,EXAM,English,Out Off,Hindi,Out Off,Maths,Out Off,EVS,Out Off,French,Out Off,Computer,Out Off,AI,Out Off,FL,Out Off,Web Design,Out Off
1,Aarav Thakur,PT I,17,40,8,40,14,40,10,40,,,4,10,1,10,6,10,4,10
,,TERM I,24,60,28,80,22,60,21,60,,,,30,,20,11,30,,20
,,PT II,40,40,13,40,24,40,12,40,,,8,10,4,10,4,10,7,10
S. No.,Student Name,EXAM,English,Out Off,Hindi,Out Off,Maths,Out Off,EVS,Out Off,French,Out Off,Computer,Out Off,AI,Out Off,FL,Out Off,Web Design,Out Off
2,Aaryan Sharma,PT I,22,40,8,40,11,40,15,40,,,5,10,4,10,4,10,6,10
,,TERM I,25,60,30,80,32,60,0,60,,,,30,,20,ab,30,,20
,,PT II,17,40,25,40,20,40,19,40,,,5,10,4,10,5,10,6,10
S. No.,Student Name,EXAM,English,Out Off,Hindi,Out Off,Maths,Out Off,EVS,Out Off,French,Out Off,Computer,Out Off,AI,Out Off,FL,Out Off,Web Design,Out Off
3,Adarsh Mahajan,PT I,9,40,15,40,16,40,14,40,16,20,2,10,1,10,5,10,3,10
,,TERM I,25,60,27,80,40,60,15,60,33,40,,30,,20,14,30,,20
,,PT II,13,40,15,40,21,40,23,40,19.5,20,8,10,5,10,4,10,6,10
S. No.,Student Name,EXAM,English,Out Off,Hindi,Out Off,Maths,Out Off,EVS,Out Off,French,Out Off,Computer,Out Off,AI,Out Off,FL,Out Off,Web Design,Out Off
4,Abizer Hussain,PT I,28,40,12,40,15,40,14,40,14,20,8,10,3,10,5,10,4,10
,,TERM I,36,60,30,80,35,60,23,60,33,40,,30,,20,10,30,,20
,,PT II,27,40,25,40,25,40,20,40,16.5,20,9,10,4,10,5,10,2,10
S. No.,Student Name,EXAM,English,Out Off,Hindi,Out Off,Maths,Out Off,EVS,Out Off,French,Out Off,Computer,Out Off,AI,Out Off,FL,Out Off,Web Design,Out Off
5,Adamya Mishra,PT I,27,40,18,40,34,40,31,40,,,8,10,4,10,9,10,9,10
,,TERM I,51,60,38,80,45,60,46,60,,,,30,,20,26,30,,20
,,PT II,30,40,29,40,34,40,33,40,,,7,10,6,10,9,10,5,10
S. No.,Student Name,EXAM,English,Out Off,Hindi,Out Off,Maths,Out Off,EVS,Out Off,French,Out Off,Computer,Out Off,AI,Out Off,FL,Out Off,Web Design,Out Off
6,Ala Ibrahim,PT I,34,40,27,40,35,40,34,40,18,20,7,10,6,10,10,10,10,10
,,TERM I,59,60,51,80,50,60,45,60,39,40,,30,,20,26,30,,20
,,PT II,39,40,31,40,38,40,33,40,18,20,7,10,7,10,9,10,9,10
S. No.,Student Name,EXAM,English,Out Off,Hindi,Out Off,Maths,Out Off,EVS,Out Off,French,Out Off,Computer,Out Off,AI,Out Off,FL,Out Off,Web Design,Out Off
7,Alina Raeen,PT I,6,40,4,40,5,40,0,40,absent ,20,2,10,1,10,0,10,1,10
,,TERM I,4,60,9,80,12,60,6,60,30,40,,30,,20,5,30,,20
,,PT II,8,40,3,40,3,40,1,40,10,20,0,10,2,10,1,10,0,10
S. No.,Student Name,EXAM,English,Out Off,Hindi,Out Off,Maths,Out Off,EVS,Out Off,French,Out Off,Computer,Out Off,AI,Out Off,FL,Out Off,Web Design,Out Off
8,Anant Kumar,PT I,1,40,2,40,3,40,4,40,,,1,10,2,10,0,10,2,10
,,TERM I,6,60,13,80,15,60,7,60,,,,30,,20,4,30,,20
,,PT II,,40,8,40,6,40,10,40,,,5,10,1,10,4,10,5,10
S. No.,Student Name,EXAM,English,Out Off,Hindi,Out Off,Maths,Out Off,EVS,Out Off,French,Out Off,Computer,Out Off,AI,Out Off,FL,Out Off,Web Design,Out Off
9,Angela Sharma,PT I,36,40,17,40,10,40,25,40,17,20,5,10,4,10,8,10,9,10
,,TERM I,45,60,38,80,22,60,36,60,38,40,,30,,20,21,30,,20
,,PT II,34,40,18,40,10,40,22,40,18,20,6,10,1,10,3,10,6,10
S. No.,Student Name,EXAM,English,Out Off,Hindi,Out Off,Maths,Out Off,EVS,Out Off,French,Out Off,Computer,Out Off,AI,Out Off,FL,Out Off,Web Design,Out Off
10,Arush Meena,PT I,15,40,15,40,10,40,12,40,15,20,6,10,3,10,2,10,6,10
,,TERM I,31,60,33,80,14,60,19,60,38,40,,30,,20,17,30,,20
,,PT II,23,40,19,40,19,40,21,40,20,20,8,10,7,10,4,10,3,10
S. No.,Student Name,EXAM,English,Out Off,Hindi,Out Off,Maths,Out Off,EVS,Out Off,French,Out Off,Computer,Out Off,AI,Out Off,FL,Out Off,Web Design,Out Off
11,Aqsa Khan,PT I,31,40,26,40,19,40,31,40,17,20,9,10,6,10,10,10,8,10
,,TERM I,51,60,50,80,34,60,49,60,39,40,,30,,20,24,30,,20
,,PT II,38,40,28,40,26,40,33,40,20,20,9,10,8,10,8,10,9,10
S. No.,Student Name,EXAM,English,Out Off,Hindi,Out Off,Maths,Out Off,EVS,Out Off,French,Out Off,Computer,Out Off,AI,Out Off,FL,Out Off,Web Design,Out Off
12,Bhavini Saxena,PT I,30,40,17,40,15,40,24,40,,,6,10,6,10,6,10,7,10
,,TERM I,37,60,48,80,24,60,35,60,,,,30,,20,19,30,,20
,,PT II,28,40,29,40,13,40,30,40,,,7,10,6,10,7,10,6,10
S. No.,Student Name,EXAM,English,Out Off,Hindi,Out Off,Maths,Out Off,EVS,Out Off,French,Out Off,Computer,Out Off,AI,Out Off,FL,Out Off,Web Design,Out Off
13,Hanshika Wadhwani,PT I,25,40,14,40,9,40,29,40,,,5,10,5,10,9,10,6,10
,,TERM I,31,60,25,80,19,60,34,60,,,,30,,20,14,30,,20
,,PT II,29,40,20,40,14,40,27,40,,,3,10,8,10,9,10,7,10
S. No.,Student Name,EXAM,English,Out Off,Hindi,Out Off,Maths,Out Off,EVS,Out Off,French,Out Off,Computer,Out Off,AI,Out Off,FL,Out Off,Web Design,Out Off
14,Harshika Gour,PT I,15,40,8,40,5,40,10,40,10,20,5,10,6,10,3,10,7,10
,,TERM I,26,60,20,80,15,60,21,60,33,40,,30,,20,13,30,,20
,,PT II,28,40,22,40,12,40,22,40,19,20,7,10,3,10,6,10,4,10
S. No.,Student Name,EXAM,English,Out Off,Hindi,Out Off,Maths,Out Off,EVS,Out Off,French,Out Off,Computer,Out Off,AI,Out Off,FL,Out Off,Web Design,Out Off
15,Humanyun,PT I,16,40,9,40,6,40,11,40,8,20,6,10,3,10,5,10,ab,10
,,TERM I,34,60,25,80,24,60,24,60,38,40,,30,,20,15,30,,20
,,PT II,31,40,23,40,23,40,29,40,11.5,20,3,10,7,10,8,10,4,10
S. No.,Student Name,EXAM,English,Out Off,Hindi,Out Off,Maths,Out Off,EVS,Out Off,French,Out Off,Computer,Out Off,AI,Out Off,FL,Out Off,Web Design,Out Off
16,Kunal Hemnani,PT I,32,40,13,40,23,40,32,40,17,20,10,10,10,10,9,10,10,10
,,TERM I,43,60,42,80,50,60,24,60,36,40,,30,,20,27,30,,20
,,PT II,24,40,20,40,33,40,34,40,15,20,9,10,8,10,9,10,5,10
S. No.,Student Name,EXAM,English,Out Off,Hindi,Out Off,Maths,Out Off,EVS,Out Off,French,Out Off,Computer,Out Off,AI,Out Off,FL,Out Off,Web Design,Out Off
17,Lakshita Payasi,PT I,37,40,32,40,22,40,34,40,17,20,10,10,7,10,9,10,10,10
,,TERM I,52,60,52,80,40,60,52,60,39.5,40,,30,,20,27,30,,20
,,PT II,38,40,34,40,22,40,35,40,19.5,20,7,10,9,10,8,10,5,10
S. No.,Student Name,EXAM,English,Out Off,Hindi,Out Off,Maths,Out Off,EVS,Out Off,French,Out Off,Computer,Out Off,AI,Out Off,FL,Out Off,Web Design,Out Off
18,Madiya,PT I,14,40,9,40,7,40,6,40,9,20,5,10,,10,2,10,4,10
,,TERM I,10,60,36,80,18,60,17,60,31.5,40,,30,,20,17,30,,20
,,PT II,,40,23,40,12,40,12,40,16,20,9,10,2,10,4,10,4,10
S. No.,Student Name,EXAM,English,Out Off,Hindi,Out Off,Maths,Out Off,EVS,Out Off,French,Out Off,Computer,Out Off,AI,Out Off,FL,Out Off,Web Design,Out Off
19,Mehul Verma,PT I,27,40,15,40,23,40,28,40,,,10,10,1,10,6,10,8,10
,,TERM I,43,60,43,80,39,60,41,60,,,,30,,20,21,30,,20
,,PT II,36,40,21,40,21,40,20,40,,,9,10,6,10,7,10,3,10
S. No.,Student Name,EXAM,English,Out Off,Hindi,Out Off,Maths,Out Off,EVS,Out Off,French,Out Off,Computer,Out Off,AI,Out Off,FL,Out Off,Web Design,Out Off
20,Mohd. Ibrahim,PT I,18,40,12,40,14,40,25,40,16,20,4,10,4,10,7,10,8,10
,,TERM I,37,60,21,80,28,60,32,60,38,40,,30,,20,14,30,,20
,,PT II,34,40,13,40,16,40,17,40,20,20,7,10,3,10,4,10,3,10
S. No.,Student Name,EXAM,English,Out Off,Hindi,Out Off,Maths,Out Off,EVS,Out Off,French,Out Off,Computer,Out Off,AI,Out Off,FL,Out Off,Web Design,Out Off
21,Pari Mewade,PT I,4,40,9,40,ab,40,6,40,7,20,4,10,1,10,3,10,6,10
,,TERM I,21,60,29,80,24,60,22,60,33,40,,30,,20,21,30,,20
,,PT II,22,40,14,40,13,40,11,40,20,20,3,10,1,10,5,10,1,10
S. No.,Student Name,EXAM,English,Out Off,Hindi,Out Off,Maths,Out Off,EVS,Out Off,French,Out Off,Computer,Out Off,AI,Out Off,FL,Out Off,Web Design,Out Off
22,Pushpendra Dhakad,PT I,9,40,15,40,6,40,5,40,,,4,10,2,10,3,10,2,10
,,TERM I,22,60,45,80,26,60,15,60,,,,30,,20,8,30,,20
,,PT II,16,40,21,40,14,40,13,40,,,3,10,0,10,4,10,2,10
S. No.,Student Name,EXAM,English,Out Off,Hindi,Out Off,Maths,Out Off,EVS,Out Off,French,Out Off,Computer,Out Off,AI,Out Off,FL,Out Off,Web Design,Out Off
23,Sakina,PT I,36,40,20,40,33,40,33,40,18,20,9,10,6,10,10,10,8,10
,,TERM I,47,60,47,80,45,60,51,60,40,40,,30,,20,22,30,,20
,,PT II,38,40,29,40,35,40,34,40,20,20,8,10,10,10,10,10,8,10
S. No.,Student Name,EXAM,English,Out Off,Hindi,Out Off,Maths,Out Off,EVS,Out Off,French,Out Off,Computer,Out Off,AI,Out Off,FL,Out Off,Web Design,Out Off
24,Sarah,PT I,31,40,19,40,14,40,34,40,18,20,8,10,6,10,7,10,10,10
,,TERM I,44,60,45,80,45,60,54,60,40,40,,30,,20,21,30,,20
,,PT II,,40,,40,ab,40,0,40,absent ,20,ab,10,ab,10,ab,10,ab,10
S. No.,Student Name,EXAM,English,Out Off,Hindi,Out Off,Maths,Out Off,EVS,Out Off,French,Out Off,Computer,Out Off,AI,Out Off,FL,Out Off,Web Design,Out Off
25,Vanshvardhan,PT I,29,40,3,40,16,40,27,40,16,20,5,10,3,10,8,10,10,10
,,TERM I,48,60,32,80,27,60,49,60,39,40,,30,,20,20,30,,20
,,PT II,38,40,13,40,21,40,28,40,20,20,8,10,6,10,10,10,4,10
S. No.,Student Name,EXAM,English,Out Off,Hindi,Out Off,Maths,Out Off,EVS,Out Off,French,Out Off,Computer,Out Off,AI,Out Off,FL,Out Off,Web Design,Out Off
26,Viraaj,PT I,5,40,7,40,6,40,1,40,11,20,3,10,3,10,0,10,5,10
,,TERM I,16,60,7,80,21,60,5,60,32,40,,30,,20,10,30,,20
,,PT II,9,40,11,40,10,40,6,40,10,20,3,10,1,10,2,10,2,10
S. No.,Student Name,EXAM,English,Out Off,Hindi,Out Off,Maths,Out Off,EVS,Out Off,French,Out Off,Computer,Out Off,AI,Out Off,FL,Out Off,Web Design,Out Off
27,Vivaan Singh,PT I,33,40,23,40,30,40,33,40,15.5,20,9,10,4,10,7,10,8,10
,,TERM I,40,60,44,80,36,60,0,60,31,40,,30,,20,15,30,,20
,,PT II,35,40,30,40,28,40,37,40,19,20,10,10,6,10,5,10,6,10
S. No.,Student Name,EXAM,English,Out Off,Hindi,Out Off,Maths,Out Off,EVS,Out Off,French,Out Off,Computer,Out Off,AI,Out Off,FL,Out Off,Web Design,Out Off
28,Zahra,PT I,34,40,20,40,18,40,29,40,17,20,9,10,3,10,7,10,10,10
,,TERM I,43,60,41,80,34,60,45,60,39.5,40,,30,,20,23,30,,20
,,PT II,30,40,28,40,26,40,36,40,20,20,8,10,8,10,7,10,3,10
S. No.,Student Name,EXAM,English,Out Off,Hindi,Out Off,Maths,Out Off,EVS,Out Off,French,Out Off,Computer,Out Off,AI,Out Off,FL,Out Off,Web Design,Out Off
29,Zenab,PT I,38,40,27,40,7,40,35,40,19,20,10,10,8,10,9,10,10,10
,,TERM I,52,60,47,80,28,60,45,60,40,40,,30,,20,19,30,,20
,,PT II,36,40,33,40,28,40,38,40,18,20,9,10,5,10,9,10,9,10
S. No.,Student Name,EXAM,English,Out Off,Hindi,Out Off,Maths,Out Off,EVS,Out Off,French,Out Off,Computer,Out Off,AI,Out Off,FL,Out Off,Web Design,Out Off
30,Vihan Yadav ,PT I,13,40,,40,ab,40,0,40,,,,10,,10,ab,10,,10
,,TERM I,26,60,23,80,21,60,0,60,,,,30,,20,9,30,,20
,,PT II,9,40,21,40,25,40,14,40,,,,10,0,10,2,10,2,10