"PODAR WORLD SCHOOL,BADWAI BHOPAL",,,,,,,,,,,,,,,,,,,,,,,,
RESULT ANALYSIS 2025-26,,,,,,,,,,,,,,,,,,,,,,,,
CLASS VIII,,,,,,,,,,,,,,,,,,,,,,,,
S. No.,Student Name,EXAM,English,Out Off,Hindi,Out Off,Maths,Out Off,Science,Out Off,Social Science,Out Off,Computer,Out Off,Sanskrit,Out Off,French,Out Off,AI,Out Off,Web Design,Out Off,FL,Out Off
1,Ananya Kirar,PT I,36,40,36,40,30,40,37,40,36,40,,10,,,19,20,9,10,10,10,10,10
,,TERM I,74,80,64,80,67.5,80,78,80,74,80,,,,,58.5,60,18,20,20,20,26,30
,,PT II,35,40,39,40,38.5,40,40,40,37,40,10,10,,,20,20,9,10,10,10,9,10
S. No.,Student Name,EXAM,English,Out Off,Hindi,Out Off,Maths,Out Off,Science,Out Off,Social Science,Out Off,Computer,Out Off,Sanskrit,Out Off,French,Out Off,AI,Out Off,Web Design,Out Off,FL,Out Off
2,Atharva Sachin Shinde,PT I,24,40,17,40,18,40,14,40,14,40,,10,12,20,,,8.5,10,5,10,2,10
,,TERM I,38,80,34,80,24,80,53,80,29,80,,,11,60,,,16,20,14,20,14,30
,,PT II,22,40,21,40,18,40,18,40,7,40,9.5,10,14,20,,,5,10,3,10,6,10
S. No.,Student Name,EXAM,English,Out Off,Hindi,Out Off,Maths,Out Off,Science,Out Off,Social Science,Out Off,Computer,Out Off,Sanskrit,Out Off,French,Out Off,AI,Out Off,Web Design,Out Off,FL,Out Off
3,Ayesha Rizwan,PT I,36,40,29,40,14,40,0,40,28,40,,10,,,15,20,6.5,10,7,10,9,10
,,TERM I,76,80,57,80,24,80,71,80,53,80,,,,,56,60,18,20,17,20,27,30
,,PT II,33,40,24,40,13,40,32,40,31,40,10,10,,,16.5,20,8,10,10,10,9,10
S. No.,Student Name,EXAM,English,Out Off,Hindi,Out Off,Maths,Out Off,Science,Out Off,Social Science,Out Off,Computer,Out Off,,Out Off,French,Out Off,AI,Out Off,Web Design,Out Off,FL,Out Off
4,Daud Ansari,PT I,21,40,9,40,4,40,10,40,9,40,,10,,,absent ,20,3,10,6,10,5,10
,,TERM I,46,80,22,80,8,80,38,80,23,80,,,,,10,60,4,20,5,20,7,30
,,PT II,17,40,10,40,6,40,28,40,6,40,7.5,10,,,8,20,5,,1,,3,10
S. No.,Student Name,EXAM,English,Out Off,Hindi,Out Off,Maths,Out Off,Science,Out Off,Social Science,Out Off,Computer,Out Off,Sanskrit,Out Off,French,Out Off,AI,Out Off,Web Design,Out Off,FL,Out Off
5,Devraj Goliya,PT I,23,40,🆎,40,10,40,13,40,13,40,,10,🆎,20,,,3,10,3,10,4,10
,,TERM I,35,80,28,80,19,80,42,80,22,80,,,🆎,60,,,5,20,2,20,Ab,30
,,PT II,22,40,13,40,9.5,40,20,40,14,40,7,10,12,20,,,4,10,2,10,3,10
S. No.,Student Name,EXAM,English,Out Off,Hindi,Out Off,Maths,Out Off,Science,Out Off,Social Science,Out Off,Computer,Out Off,Sanskrit,Out Off,French,Out Off,AI,Out Off,Web Design,Out Off,FL,Out Off
6,Dhairya Sharma,PT I,14,40,8,40,8,40,10,40,6,40,,10,8,20,,,2,10,0,10,0,10
,,TERM I,28,80,14,80,13,80,31,80,8,80,,,6,60,,,5,20,3,20,5,30
,,PT II,17,40,9,40,3,40,16,40,5,40,7,10,9,20,,,3,10,0,10,3,10
S. No.,Student Name,EXAM,English,Out Off,Hindi,Out Off,Maths,Out Off,Science,Out Off,Social Science,Out Off,Computer,Out Off,Sanskrit,Out Off,French,Out Off,AI,Out Off,Web Design,Out Off,FL,Out Off
7,Divyanshu Mishra,PT I,19,40,15,40,13,40,9,40,🆎,40,,10,,,18,20,6,10,3,10,5,10
,,TERM I,31,80,24,80,20,80,42,80,28,80,,,,,55,60,7,20,8,20,8,30
,,PT II,15,40,17,40,12,40,19,40,15,40,6,10,,,20,20,3,10,3,10,4,10
S. No.,Student Name,EXAM,English,Out Off,Hindi,Out Off,Maths,Out Off,Science,Out Off,Social Science,Out Off,Computer,Out Off,Sanskrit,Out Off,French,Out Off,AI,Out Off,Web Design,Out Off,FL,Out Off
8,Hammad Khan,PT I,36,40,36,40,28,40,35,40,21,40,,10,,,19,20,8.5,10,5,10,9,10
,,TERM I,74,80,67,80,44,80,72,80,63,80,,,,,54,60,14,20,17,20,23,30
,,PT II,33,40,36,40,19,40,36,40,32,40,9.5,10,,,20,20,10,10,6,10,9,10
S. No.,Student Name,EXAM,English,Out Off,Hindi,Out Off,Maths,Out Off,Science,Out Off,Social Science,Out Off,Computer,Out Off,Sanskrit,Out Off,French,Out Off,AI,Out Off,Web Design,Out Off,FL,Out Off
9,Harshit Sisodiya,PT I,17,40,19,40,17,40,19,40,12,40,,10,9,20,,,8,10,6,10,3,10
,,TERM I,36,80,29,80,20,80,43,80,18,80,,,9,60,,,14,20,9,20,4,30
,,PT II,20,40,22,40,11,40,19,40,7,40,9,10,8,20,,,4,10,5,10,3,10
S. No.,Student Name,EXAM,English,Out Off,Hindi,Out Off,Maths,Out Off,Science,Out Off,Social Science,Out Off,Computer,Out Off,Sanskrit,Out Off,French,Out Off,AI,Out Off,Web Design,Out Off,FL,Out Off
10,Insha Ahmad,PT I,38,40,34,40,23,40,31,40,24,40,,10,,,14,20,10,10,8,10,10,10
,,TERM I,75,80,59,80,43.5,80,73,80,58,80,,,,,58,60,18,20,18,20,20,30
,,PT II,32,40,29,40,21,40,38,40,18,40,10,10,,,18,20,9,10,9,10,7,10
S. No.,Student Name,EXAM,English,Out Off,Hindi,Out Off,Maths,Out Off,Science,Out Off,Social Science,Out Off,Computer,Out Off,Sanskrit,Out Off,French,Out Off,AI,Out Off,Web Design,Out Off,FL,Out Off
11,Md. Rubaid Ansari,PT I,25,40,18,40,14,40,20,40,12,40,,10,9,20,,,4.5,10,6,10,2,10
,,TERM I,30,80,43,80,19,80,61,80,18,80,,,19,60,,,11,20,14,20,8,30
,,PT II,24,40,20,40,11,40,16,40,7,40,10,10,13,20,,,4,10,3,10,5,10
S. No.,Student Name,EXAM,English,Out Off,Hindi,Out Off,Maths,Out Off,Science,Out Off,Social Science,Out Off,Computer,Out Off,Sanskrit,Out Off,French,Out Off,AI,Out Off,Web Design,Out Off,FL,Out Off
12,Naba Ahmad,PT I,25,40,24,40,14,40,18,40,15,40,,10,,,19,20,7.5,10,6,10,5,10
,,TERM I,43,80,29,80,19,80,50,80,39,80,,,,,58,60,14,20,17,20,17,30
,,PT II,24,40,19,40,11,40,22,40,14,40,10,10,,,17,20,8,10,4,10,5,10
S. No.,Student Name,EXAM,English,Out Off,Hindi,Out Off,Maths,Out Off,Science,Out Off,Social Science,Out Off,Computer,Out Off,Sanskrit,Out Off,French,Out Off,AI,Out Off,Web Design,Out Off,FL,Out Off
13,Prince Dangi,PT I,0,40,🆎,40,14,40,0,40,🆎,40,,10,🆎,20,,,ab,10,ab,10,Ab,10
,,TERM I,39,80,40,80,25,80,40,80,19,80,,,🆎,60,,,7,20,17,20,12,30
,,PT II,25,40,21,40,14.5,40,20,40,10,40,10,10,11,20,,,10,10,2,10,5,10
S. No.,Student Name,EXAM,English,Out Off,Hindi,Out Off,Maths,Out Off,Science,Out Off,Social Science,Out Off,Computer,Out Off,Sanskrit,Out Off,French,Out Off,AI,Out Off,Web Design,Out Off,FL,Out Off
14,Rusnain Kuchchawa,PT I,27,40,12,40,10,40,16,40,22,40,,10,,,19,20,5,10,4,10,3,10
,,TERM I,55,80,23,80,24.5,80,41,80,34,80,,,,,57,60,12,20,16,20,7,30
,,PT II,27,40,18,40,10,40,27,40,14,40,10,10,,,18.5,20,8,10,5,10,6,10
S. No.,Student Name,EXAM,English,Out Off,Hindi,Out Off,Maths,Out Off,Science,Out Off,Social Science,Out Off,Computer,Out Off,Sanskrit,Out Off,French,Out Off,AI,Out Off,Web Design,Out Off,FL,Out Off
15,Sujjat Ali,PT I,24,40,23,40,7,40,19,40,13,40,,10,,,14,20,9,10,4,10,5,10
,,TERM I,51,80,39,80,22.5,80,56,80,36,80,,,,,56,60,15,20,8,20,10,30
,,PT II,31,40,25,40,16,40,33,40,17,40,9.5,10,,,20,20,9,10,7,10,6,10
S. No.,Student Name,EXAM,English,Out Off,Hindi,Out Off,Maths,Out Off,Science,Out Off,Social Science,Out Off,Computer,Out Off,Sanskrit,Out Off,French,Out Off,AI,Out Off,Web Design,Out Off,FL,Out Off
16,Shaurya ,PT I,,40,🆎,40,Ab,40,0,40,🆎,40,,10,,,absent ,20,,10,,10,Ab,10
,,TERM I,,80,19,80,7.5,80,0,80,21,80,,,,,,60,,20,,20,10,30
,,PT II,14,40,22,40,4,40,17,40,9,40,9.5,10,,,17.5,20,2,10,2,10,3,10