"PODAR WORLD SCHOOL,BADWAI BHOPAL",,,,,,,,,,,,,,,,,,
RESULT ANALYSIS 2025-26,,,,,,,,,,,,,,,,,,
CLASS IV,,,,,,,,,,,,,,,,,,
S. No.,Student Name,EXAM,English,Out Off,Hindi,Out Off,Maths,Out Off,EVS,Out Off,French,Out Off,Computer,Out Off,AI,Out Off,FL,Out Off
1,Aatmik Jain,PT I,20,40,7,40,11,40,,,10,20,4,10,2,10,3,10
,,TERM I,23,60,26,80,23,60,,,28,40,23,30,8,20,11,30
,,PT II,13,40,13,40,17,40,,,16,20,5,10,4,10,3,10
S. No.,Student Name,EXAM,English,Out Off,Hindi,Out Off,Maths,Out Off,EVS,Out Off,French,Out Off,Computer,Out Off,b,Out Off,FL,Out Off
2,Advik Yadav,PT I,39,40,17,40,20,40,,,19,20,8,10,4,10,8,10
,,TERM I,50,60,31,80,37,60,,,35,40,28,30,17,20,25,30
,,PT II,35,40,18,40,25,40,,,19,20,9,10,7,10,7,10
S. No.,Student Name,EXAM,English,Out Off,Hindi,Out Off,Maths,Out Off,EVS,Out Off,French,Out Off,Computer,Out Off,AI,Out Off,FL,Out Off
3,Anaysha Sharma,PT I,14,60,7,40,10,60,,,12,20,5,10,1,10,4,10
,,TERM I,14,40,16,80,-,40,,,35.5,40,17,30,9,20,15,30
,,PT II,17,40,10,40,15,40,,,16,20,3,10,1,10,4,10
S. No.,Student Name,EXAM,English,Out Off,Hindi,Out Off,Maths,Out Off,EVS,Out Off,French,Out Off,Computer,Out Off,AI,Out Off,FL,Out Off
4,Ansh Kirar,PT I,25,40,15,40,27,40,,,10,20,7,10,3,10,7,10
,,TERM I,47,40,36,80,48,40,,,37.5,40,17,30,9,20,22,30
,,PT II,21,60,14,40,35,60,,,15,20,6,10,3,10,7,10
S. No.,Student Name,EXAM,English,Out Off,Hindi,Out Off,Maths,Out Off,EVS,Out Off,French,Out Off,Computer,Out Off,AI,Out Off,FL,Out Off
5,Arnika Parihar,PT I,30,40,14,40,13,40,,,13,20,3,10,5,10,7,10
,,TERM I,51,60,36,80,29,60,,,36,40,16,30,19,20,23,30
,,PT II,35,40,17,40,17,40,,,17,20,7,10,1,10,9,10
S. No.,Student Name,EXAM,English,Out Off,Hindi,Out Off,Maths,Out Off,EVS,Out Off,French,Out Off,Computer,Out Off,AI,Out Off,FL,Out Off
6,Fazeen Baig,PT I,20,60,13,40,11,60,,,11,20,6,10,5,10,5,10
,,TERM I,28,40,40,80,34,40,,,35,40,19,30,9,20,16,30
,,PT II,27,40,19,40,20,40,,,17,20,8,10,7,10,6,10
S. No.,Student Name,EXAM,English,Out Off,Hindi,Out Off,Maths,Out Off,EVS,Out Off,French,Out Off,Computer,Out Off,AI,Out Off,FL,Out Off
7,Gloshi Sharma,PT I,24,40,8,40,8,40,,,12,20,4,10,5,10,2,10
,,TERM I,25,40,8,80,19,40,,,30,40,8,30,16,20,6,30
,,PT II,23,60,8,40,10,60,,,15,20,4,10,4,10,4,10
S. No.,Student Name,EXAM,English,Out Off,Hindi,Out Off,Maths,Out Off,EVS,Out Off,French,Out Off,Computer,Out Off,AI,Out Off,FL,Out Off
8,Harleen Soni,PT I,22,40,4,40,11,40,,,absent ,20,2,10,ab,10,2,10
,,TERM I,11,60,17,80,ab,60,,,38,40,7,30,6,20,7,30
,,PT II,22,40,9,40,11,40,,,ab,20,3,10,,10,5,10
S. No.,Student Name,EXAM,English,Out Off,Hindi,Out Off,Maths,Out Off,EVS,Out Off,French,Out Off,Computer,Out Off,AI,Out Off,FL,Out Off
9,Harshita Lalwani,PT I,22,60,10,40,11,60,,,16,20,0,10,4,10,5,10
,,TERM I,25,40,18,80,26,40,,,28,40,14,30,11,20,12,30
,,PT II,14,40,11,40,20,40,,,17,20,5,10,3,10,2,10
S. No.,Student Name,EXAM,English,Out Off,Hindi,Out Off,Maths,Out Off,EVS,Out Off,French,Out Off,Computer,Out Off,AI,Out Off,FL,Out Off
10,Hitansh Wadhwani,PT I,27,40,12,40,21,40,,,17,20,8,10,3,10,6,10
,,TERM I,36,40,30,80,50,40,,,35,40,25,30,12,20,20,30
,,PT II,25,60,14,40,29,60,,,18.5,20,8,10,3,10,5,10
S. No.,Student Name,EXAM,English,Out Off,Hindi,Out Off,Maths,Out Off,EVS,Out Off,French,Out Off,Computer,Out Off,AI,Out Off,FL,Out Off
11,Ibraheem Ali,PT I,38,40,16,40,24,40,,,16,20,7,10,9,10,9,10
,,TERM I,44,60,30,80,44,60,,,34,40,23,30,16,20,23,30
,,PT II,30,40,11,40,31,40,,,19,20,7,10,5,10,9,10
S. No.,Student Name,EXAM,English,Out Off,Hindi,Out Off,Maths,Out Off,EVS,Out Off,French,Out Off,Computer,Out Off,AI,Out Off,FL,Out Off
12,Ishan Bairagi,PT I,36,60,16,40,27,60,,,19,20,10,10,8,10,7,10
,,TERM I,55,40,42,80,52,40,,,36,40,26,30,16,20,28,30
,,PT II,39,40,23,40,31,40,,,20,20,8,10,8,10,8,10
S. No.,Student Name,EXAM,English,Out Off,Hindi,Out Off,Maths,Out Off,EVS,Out Off,French,Out Off,Computer,Out Off,AI,Out Off,FL,Out Off
13,Ishit Anand,PT I,32,40,25,40,12,40,,,15.5,20,5,10,7,10,5,10
,,TERM I,44,40,48,80,48,40,,,33,40,23,30,14,20,14,30
,,PT II,33,60,27,40,22,60,,,20,20,8,10,9,10,9,10
S. No.,Student Name,EXAM,English.,Out Off,Hindi,Out Off,Maths,Out Off,EVS,Out Off,French,Out Off,Computer,Out Off,AI,Out Off,FL,Out Off
14,Kartik Singh,PT I,39,40,34,40,30,40,,,17,20,9,10,9,10,9,10
,,TERM I,51,60,46,80,54,60,,,38,40,24,30,15,20,22,30
,,PT II,36,40,27,40,39,40,,,19,20,9,10,8,10,9,10
S. No.,Student Name,EXAM,English,Out Off,Hindi,Out Off,Maths,Out Off,EVS,Out Off,French,Out Off,Computer,Out Off,AI,Out Off,FL,Out Off
15,Keshav Lodhi,PT I,9,60,8,40,8,60,,,9,20,1,10,1,10,2,10
,,TERM I,10,40,40,80,40,40,,,34,40,11,30,10,20,7,30
,,PT II,10,40,21,40,22,40,,,18.5,20,5,10,4,10,3,10
S. No.,Student Name,EXAM,English,Out Off,Hindi,Out Off,Maths,Out Off,EVS,Out Off,French,Out Off,Computer,Out Off,AI,Out Off,FL,Out Off
16,Modh. Ibaad,PT I,33,40,11,40,24,40,,,18,20,8,10,8,10,8,10
,,TERM I,39,40,24,80,40,40,,,34,40,26,30,16,20,20,30
,,PT II,32,60,14,40,28,60,,,18.5,20,8,10,6,10,6,10
S. No.,Student Name,EXAM,English,Out Off,Hindi,Out Off,Maths,Out Off,EVS,Out Off,French,Out Off,Computer,Out Off,AI,Out Off,FL,Out Off
17,Mohd. Zaid Khan,PT I,8,40,8,40,15,40,,,7,20,2,10,2,10,3,10
,,TERM I,9,60,16,80,26,60,,,32,40,7,30,6,20,7,30
,,PT II,4,40,5,40,13,40,,,10,20,1,10,2,10,3,10
S. No.,Student Name,EXAM,English,Out Off,Hindi,Out Off,Maths,Out Off,EVS,Out Off,French,Out Off,Computer,Out Off,AI,Out Off,FL,Out Off
18,Mohd. Hammad,PT I,12,60,5,40,12,60,,,7,20,6,10,6,10,3,10
,,TERM I,19,40,11,80,29,40,,,21,40,8,30,8,20,10,30
,,PT II,14,40,6,40,14,40,,,20,20,5,10,3,10,1,10
S. No.,Student Name,EXAM,English,Out Off,Hindi,Out Off,Maths,Out Off,EVS,Out Off,French,Out Off,Computer,Out Off,AI,Out Off,FL,Out Off
19,Musab yusyfzai,PT I,29,40,30,40,32,40,,,19.5,20,8,10,8,10,10,10
,,TERM I,58,40,53,80,57,40,,,40,40,25,30,18,20,28,30
,,PT II,38,60,35,40,33,60,,,20,20,9,10,7,10,8,10
S. No.,Student Name,EXAM,English,Out Off,Hindi,Out Off,Maths,Out Off,EVS,Out Off,French,Out Off,Computer,Out Off,AI,Out Off,FL,Out Off
20,Pavni Sitoke,PT I,15,40,21,40,12,40,,,10,20,6,10,2,10,7,10
,,TERM I,23,60,34,80,36,60,,,35,40,20,30,12,20,8,30
,,PT II,19,40,19,40,12,40,,,18,20,4,10,4,10,2,10
S. No.,Student Name,EXAM,English,Out Off,Hindi,Out Off,Maths,Out Off,EVS,Out Off,French,Out Off,Computer,Out Off,AI,Out Off,FL,Out Off
21,Priyal Kalawat,PT I,12,60,3,40,5,60,,,12,20,2,10,2,10,3,10
,,TERM I,11,40,8,80,37,40,,,26,40,10,30,10,20,3,30
,,PT II,7,40,5,40,8,40,,,13,20,2,10,2,10,2,10
S. No.,Student Name,EXAM,English,Out Off,Hindi,Out Off,Maths,Out Off,EVS,Out Off,French,Out Off,Computer,Out Off,AI,Out Off,FL,Out Off
22,Riyansh Mahawar,PT I,25,40,10,40,20,40,,,13,20,5,10,5,10,3,10
,,TERM I,7,40,27,80,48,40,,,38,40,19,30,13,20,12,30
,,PT II,11,60,17,40,29,60,,,20,20,3,10,4,10,5,10
S. No.,Student Name,EXAM,English,Out Off,Hindi,Out Off,Maths,Out Off,EVS,Out Off,French,Out Off,Computer,Out Off,AI,Out Off,FL,Out Off
23,Roshni Kumari,PT I,27,40,17,40,18,40,,,16,20,4,10,4,10,5,10
,,TERM I,29,60,46,80,55,60,,,36.5,40,22,30,12,20,19,30
,,PT II,35,40,29,40,32,40,,,18.5,20,7,10,5,10,5,10
S. No.,Student Name,EXAM,English,Out Off,Hindi,Out Off,Maths,Out Off,EVS,Out Off,French,Out Off,Computer,Out Off,AI,Out Off,FL,Out Off
24,Shahastra Pratap,PT I,16,60,10,40,6,60,,,11,20,4,10,4,10,1,10
,,TERM I,38,40,29,80,34,40,,,28,40,10,30,14,20,15,30
,,PT II,17,40,9,40,13,40,,,17.5,20,4,10,2,10,2,10
S. No.,Student Name,EXAM,English,Out Off,Hindi,Out Off,Maths,Out Off,EVS,Out Off,French,Out Off,Computer,Out Off,AI,Out Off,FL,Out Off
25,Suhana Badori,PT I,15,40,3,40,7,40,,,11,20,0,10,0,10,6,10
,,TERM I,15,40,25,80,35,40,,,34,40,6,30,14,20,7,30
,,PT II,17,60,8,40,13,60,,,18,20,3,10,7,10,4,10
S. No.,Student Name,EXAM,English,Out Off,Hindi,Out Off,Maths,Out Off,EVS,Out Off,French,Out Off,Computer,Out Off,AI,Out Off,FL,Out Off
26,Tanay Bhurani,PT I,37,40,11,40,28,40,,,18,20,9,10,9,10,7,10
,,TERM I,40,60,26,80,54,60,,,40,40,19,30,15,20,18,30
,,PT II,32,40,13,40,31,40,,,20,20,8,10,3,10,6,10
S. No.,Student Name,EXAM,English,Out Off,Hindi,Out Off,Maths,Out Off,EVS,Out Off,French,Out Off,Computer,Out Off,AI,Out Off,FL,Out Off
27,Yuvaan Jethwani,PT I,13,60,6,40,9,60,,,5,20,2,10,2,10,1,10
,,TERM I,10,40,18,80,45,40,,,28,40,6,30,12,20,7,30
,,PT II,15,40,5,40,10,40,,,18.5,20,4,10,5,10,6,10
S. No.,Student Name,EXAM,English,Out Off,Hindi,Out Off,Maths,Out Off,EVS,Out Off,French,Out Off,Computer,Out Off,AI,Out Off,FL,Out Off
28,Yuvaan Sorte,PT I,14,40,13,40,18,40,,,6,20,4,10,4,10,3,10
,,TERM I,20,40,30,80,34,40,,,36,40,8,30,3,20,9,30
,,PT II,11,60,11,40,20,60,,,18,20,2,10,2,10,3,10
S. No.,Student Name,EXAM,English,Out Off,Hindi,Out Off,Maths,Out Off,EVS,Out Off,French,Out Off,Computer,Out Off,AI,Out Off,FL,Out Off
29,Yuvraj Agrawal,PT I,11,40,3,40,12,40,,,10,20,4,10,4,10,1,10
,,TERM I,8,60,6,80,35,60,,,33,40,10,30,16,20,10,30
,,PT II,13,40,2,40,12,40,,,12.5,20,4,10,2,10,3,10