"PODAR WORLD SCHOOL,BADWAI BHOPAL",,,,,,,,,,,,,,,,,,,,,,,,
RESULT ANALYSIS 2025-26,,,,,,,,,,,,,,,,,,,,,,,,
CLASS VII,,,,,,,,,,,,,,,,,,,,,,,,
S. No.,Student Name,EXAM,English,Out Off,Hindi,Out Off,Maths,Out Off,Science,Out Off,Social Science,Out Off,Computer,Out Off,Sanskrit,Out Off,French,Out Off,AI,Out Off,Web Design,Out Off,FL,Out Off
1,Aafiya Kausar,PT I,39,40,29,40,38,40,30,40,32,40,,10,,,16,20,9,10,9,10,5,10
,,TERM I,78,80,37,80,61,80,77,80,52,80,,,,,56.5,60,20,20,18,20,23,30
,,PT II,35,40,27,40,34.5,40,38,40,34,40,10,10,,,20,20,8,10,6,10,9,10
S. No.,Student Name,EXAM,English,Out Off,Hindi,Out Off,Maths,Out Off,Science,Out Off,Social Science,Out Off,Computer,Out Off,Sanskrit,Out Off,French,Out Off,AI,Out Off,Web Design,Out Off,FL,Out Off
2,Anushka Pathak,PT I,7,40,13,40,11,40,2,40,7,40,,10,9,20,,,3.5,10,2,10,2,10
,,TERM I,28,80,28,80,3,80,9,80,4,80,,,9,60,,,2,20,9,20,4,30
,,PT II,17,40,18,40,5,40,13,40,6,40,2,10,9,20,,,5,10,2,10,6,10
S. No.,Student Name,EXAM,English,Out Off,Hindi,Out Off,Maths,Out Off,Science,Out Off,Social Science,Out Off,Computer,Out Off,Sanskrit,Out Off,French,Out Off,AI,Out Off,Web Design,Out Off,FL,Out Off
3,Aradhya Agrawal,PT I,24,40,14,40,13,40,9,40,10,40,,10,11,20,,,3,10,0,10,5,10
,,TERM I,39,80,27,80,11.5,80,17,80,11,80,,,7,60,,,7,20,8,20,12,30
,,PT II,27,40,16,40,13,40,14,40,9,40,7.5,10,7,20,,,8,10,2,10,6,10
S. No.,Student Name,EXAM,English,Out Off,Hindi,Out Off,Maths,Out Off,Science,Out Off,Social Science,Out Off,Computer,Out Off,Sanskrit,Out Off,French,Out Off,AI,Out Off,Web Design,Out Off,FL,Out Off
4,Arham Khan,PT I,17,40,8,40,16,40,4,40,12,40,,10,,,10,20,7.5,10,2,10,2,10
,,TERM I,14,80,24,80,17,80,10,80,12,80,,,,,56,60,7,20,6,20,14,30
,,PT II,11,40,17,40,7,40,8,40,11,40,3,10,,,18.5,20,5,10,2,10,3,10
S. No.,Student Name,EXAM,English,Out Off,Hindi,Out Off,Maths,Out Off,Science,Out Off,Social Science,Out Off,Computer,Out Off,Sanskrit,Out Off,French,Out Off,AI,Out Off,Web Design,Out Off,FL,Out Off
5,Atharv Singh,PT I,19,40,13,40,17,40,13,40,14,40,,10,10,20,,,3,10,2,10,3,10
,,TERM I,29,80,18,80,18,80,26,80,11,80,,,10,60,,,13,20,11,20,16,30
,,PT II,19,40,19,40,11.5,40,30,40,15,40,7,10,11,20,,,8,10,3,10,6,10
S. No.,Student Name,EXAM,English,Out Off,Hindi,Out Off,Maths,Out Off,Science,Out Off,Social Science,Out Off,Computer,Out Off,Sanskrit,Out Off,French,Out Off,AI,Out Off,Web Design,Out Off,FL,Out Off
6,Divyansh Mehra,PT I,33,40,24,40,17,40,18,40,16,40,,10,,,15,20,6.5,10,10,10,8,10
,,TERM I,56,80,54,80,30.5,80,30,80,19,80,,,,,47,60,12,20,15,20,19,30
,,PT II,24,40,31,40,10,40,33,40,16,40,7.5,10,,,15.5,20,6,10,4,10,6,10
S. No.,Student Name,EXAM,English,Out Off,Hindi,Out Off,Maths,Out Off,Science,Out Off,Social Science,Out Off,Computer,Out Off,Sanskrit,Out Off,French,Out Off,AI,Out Off,Web Design,Out Off,FL,Out Off
7,Fazia Faiz,PT I,,40,ab,40,15,40,0,40,🆎,40,,10,,,absent,20,,10,ab,10,Ab,10
,,TERM I,27,80,ab,80,6.5,80,13,80,16,80,,,,,,60,4,20,2,20,7,30
,,PT II,24,40,23,40,4.5,40,13,40,11,40,2.5,10,,,9,20,5,10,2,10,7,10
S. No.,Student Name,EXAM,English,Out Off,Hindi,Out Off,Maths,Out Off,Science,Out Off,Social Science,Out Off,Computer,Out Off,Sanskrit,Out Off,French,Out Off,AI,Out Off,Web Design,Out Off,FL,Out Off
8,Harshil Nagar,PT I,34,40,28,40,29,40,21,40,26,40,,10,15,20,,,7,10,7,10,9,10
,,TERM I,77,80,63,80,42.5,80,53,80,47,80,,,32,60,,,12,20,10,20,16,30
,,PT II,33,40,34,40,25,40,33,40,27,40,9,10,19,20,,,7,10,5,10,9,10
S. No.,Student Name,EXAM,English,Out Off,Hindi,Out Off,Maths,Out Off,Science,Out Off,Social Science,Out Off,Computer,Out Off,Sanskrit,Out Off,French,Out Off,AI,Out Off,Web Design,Out Off,FL,Out Off
9,Jaza Siddiqui,PT I,39,40,28,40,32,40,29,40,31,40,,10,,,18,20,10,10,5,10,7,10
,,TERM I,77,80,46,80,48,80,65,80,48,80,,,,,55,60,17,20,14,20,27,30
,,PT II,36,40,25,40,26,40,35,40,31,40,9,10,,,20,20,8,10,5,10,10,10
S. No.,Student Name,EXAM,English,Out Off,Hindi,Out Off,Maths,Out Off,Science,Out Off,Social Science,Out Off,Computer,Out Off,Sanskrit,Out Off,French,Out Off,AI,Out Off,Web Design,Out Off,FL,Out Off
10,Karan Dangi,PT I,19,40,19,40,19,40,6,40,12,40,,10,8,20,,,3,10,1,10,3,10
,,TERM I,28,80,35,80,25,80,36,80,19,80,,,14,60,,,7,20,8,20,8,30
,,PT II,19,40,23,40,13,40,23,40,11,40,6,10,13,20,,,5,10,2,10,6,10
S. No.,Student Name,EXAM,English,Out Off,Hindi,Out Off,Maths,Out Off,Science,Out Off,Social Science,Out Off,Computer,Out Off,Sanskrit,Out Off,French,Out Off,AI,Out Off,Web Design,Out Off,FL,Out Off
11,Kartik Pathak,PT I,36,40,13,40,21,40,22,40,24,40,,10,,,12,20,8,10,5,10,7,10
,,TERM I,69,80,19,80,41,80,45,80,27,80,,,,,53,60,14,20,9,20,15,30
,,PT II,26,40,13,40,10,40,29,40,25,40,9,10,,,71,20,7,10,4,10,7,10
S. No.,Student Name,EXAM,English,Out Off,Hindi,Out Off,Maths,Out Off,Science,Out Off,Social Science,Out Off,Computer,Out Off,Sanskrit,Out Off,French,Out Off,AI,Out Off,Web Design,Out Off,FL,Out Off
12,Khushi Saini,PT I,23,40,ab,40,14,40,8,40,8,40,,10,10,20,,,4,10,3,10,7,10
,,TERM I,55,80,38,80,15.5,80,32,80,28,80,,,14,60,,,14,20,7,20,15,30
,,PT II,27,40,20,40,15.5,40,22,40,16,40,8,10,12,20,,,8,10,6,10,5,10
S. No.,Student Name,EXAM,English,Out Off,Hindi,Out Off,Maths,Out Off,Science,Out Off,Social Science,Out Off,Computer,Out Off,Sanskrit,Out Off,French,Out Off,AI,Out Off,Web Design,Out Off,FL,Out Off
13,Krishna Nagar,PT I,28,40,21,40,24,40,21,40,16,40,,10,14,20,,,7.5,10,4,10,8,10
,,TERM I,57,80,44,80,33.5,80,36,80,18,80,,,29,60,,,10,20,12,20,19,30
,,PT II,27,40,23,40,18,40,30,40,21,40,8.5,10,15,20,,,3,10,6,10,7,10
S. No.,Student Name,EXAM,English,Out Off,Hindi,Out Off,Maths,Out Off,Science,Out Off,Social Science,Out Off,Computer,Out Off,Sanskrit,Out Off,French,Out Off,AI,Out Off,Web Design,Out Off,FL,Out Off
14,Mayank Yadav,PT I,,40,ab,40,15,40,0,40,15,40,,10,🆎,20,,,,10,ab,10,Ab,10
,,TERM I,34,80,29,80,28,80,17,80,9,80,,,29,60,,,3,20,5,20,8,30
,,PT II,24,40,18,40,25,40,14,40,9,40,7,10,11,20,,,6,10,4,10,6,10
S. No.,Student Name,EXAM,English,Out Off,Hindi,Out Off,Maths,Out Off,Science,Out Off,Social Science,Out Off,Computer,Out Off,Sanskrit,Out Off,French,Out Off,AI,Out Off,Web Design,Out Off,FL,Out Off
15,Mohd. Umair,PT I,18,40,8,40,15,40,3,40,11,40,,10,,,18,20,6,10,2,10,3,10
,,TERM I,28,80,20,80,31,80,12,80,18,80,,,,,55.5,60,3,20,5,20,6,30
,,PT II,18,40,7,40,10,40,16,40,12,40,5.5,10,,,15.5,20,5,10,1,10,4,10
S. No.,Student Name,EXAM,English,Out Off,Hindi,Out Off,Maths,Out Off,Science,Out Off,Social Science,Out Off,Computer,Out Off,Sanskrit,Out Off,French,Out Off,AI,Out Off,Web Design,Out Off,FL,Out Off
16,Pratishth Singh,PT I,4,40,ab,40,15,40,2,40,12,40,,10,4,20,,,,10,ab,10,1,10
,,TERM I,12,80,40,80,44,80,4,80,39,80,,,23,60,,,4,20,1,20,5,30
,,PT II,5,40,17,40,5,40,4,40,4,40,1,10,6,20,,,2,10,2,10,1,10
S. No.,Student Name,EXAM,English,Out Off,Hindi,Out Off,Maths,Out Off,Science,Out Off,Social Science,Out Off,Computer,Out Off,Sanskrit,Out Off,French,Out Off,AI,Out Off,Web Design,Out Off,FL,Out Off
17,Rhythm Sharma,PT I,23,40,25,40,16,40,6,40,19,40,,10,12,20,,,7,10,4,10,7,10
,,TERM I,48,80,55,80,20,80,37,80,24,80,,,23,60,,,10,20,7,20,17,30
,,PT II,25,40,27,40,7,40,22,40,17,40,8,10,6,20,,,8,10,3,10,9,10
S. No.,Student Name,EXAM,English,Out Off,Hindi,Out Off,Maths,Out Off,Science,Out Off,Social Science,Out Off,Computer,Out Off,Sanskrit,Out Off,French,Out Off,AI,Out Off,Web Design,Out Off,FL,Out Off
18,Vanshika Bhurani,PT I,39,40,22,40,28,40,29,40,25,40,,10,,,12,20,7.5,10,5,10,8,10
,,TERM I,67,80,51,80,49,80,42,80,46,80,,,,,52,60,12,20,14,20,26,30
,,PT II,32,40,20,40,15.5,40,26,40,20,40,8,10,,,13.5,20,8,10,4,10,9,10