"PODAR WORLD SCHOOL,BADWAI BHOPAL",,,,,,,,,,,,,,,,,,
RESULT ANALYSIS 2025-26,,,,,,,,,,,,,,,,,,
CLASS III,,,,,,,,,,,,,,,,,,
S. No.,Student Name,EXAM,English,Out Off,Hindi,Out Off,Maths,Out Off,EVS,Out Off,French,Out Off,Computer,Out Off,AI,Out Off,FL,Out Off
1,Akshansh Agrawal,PT I,22,40,10,40,13,40,20,40,18,20,3,10,2,10,3,10
,,TERM I,38,60,27,60,19,60,30,60,40,40,10,30,5,20,4,30
,,PT II,30,40,17,40,22,40,19,40,20,20,3,10,2,10,4,10
S. No.,Student Name,EXAM,English,,Hindi,,Maths,,EVS,,French,,Computer,,AI,,FL,
2,Amber Sharma,PT I,29,40,22,40,17,40,28,40,16,20,4,10,3,10,7,10
,,TERM I,46,60,40,60,30,60,30,60,38,40,17,30,14,20,16,30
,,PT II,36,40,23,40,28,40,34,40,16,20,6,10,5,10,8,10
S. No.,Student Name,EXAM,English,,Hindi,,Maths,,EVS,,French,,Computer,,AI,,FL,
3,Anant Nagar,PT I,15,40,8,40,20,40,18,40,15,20,0,10,1,10,4,10
,,TERM I,44,60,37,60,33,60,23,60,39,40,17,30,10,20,15,30
,,PT II,30,40,13,40,28,40,29,40,20,20,6,10,3,10,3,10
S. No.,Student Name,EXAM,English,,Hindi,,Maths,,EVS,,French,,Computer,,AI,,FL,
4,Ashutosh Rajauriya,PT I,21,40,10,40,9,40,13,40,absent ,20,ab,10,ab,10,Ab,10
,,TERM I,23,60,19,60,24,60,13,60,38,40,11,30,6,20,6,30
,,PT II,23,40,13,40,20,40,28,40,16,20,4,10,6,10,6,10
S. No.,Student Name,EXAM,English,,Hindi,,Maths,,EVS,,French,,Computer,,AI,,FL,
5,Ayushi Pathak,PT I,31,40,15,40,24,40,31,40,18.5,20,3,10,5,10,Ab,10
,,TERM I,48,60,27,60,32,60,40,60,38,40,26,30,14,20,13,30
,,PT II,32,40,19,40,25,40,33,40,20,20,6,10,6,10,8,10
S. No.,Student Name,EXAM,English,,Hindi,,Maths,,EVS,,French,,Computer,,AI,,FL,
6,Devansh Sharma,PT I,30,40,18,40,10,40,25,40,13,20,3,10,1,10,8,10
,,TERM I,36,60,43,60,26,60,27,60,39,40,20,30,10,20,10,30
,,PT II,28,40,29,40,26,40,35,40,20,20,7,10,7,10,4,10
S. No.,Student Name,EXAM,English,,Hindi,,Maths,,EVS,,French,,Computer,,AI,,FL,
7,Devansh Thakur,PT I,18,40,6,40,8,40,18,40,10.5,20,1,10,1,10,8,10
,,TERM I,44,60,29,60,25,60,38,60,39,40,16,30,2,20,10,30
,,PT II,28,40,14,40,19,40,25,40,14,20,3,10,3,10,6,10
S. No.,Student Name,EXAM,English,,Hindi,,Maths,,EVS,,French,,Computer,,AI,,FL,
8,Divya Chauhan,PT I,6,40,2,40,5,40,9,40,12,20,0,10,0,10,3,10
,,TERM I,9,60,7,60,12,60,4,60,34,40,8,30,9,20,5,30
,,PT II,8,40,7,40,11,40,4,40,14,20,2,10,3,10,1,10
S. No.,Student Name,EXAM,English,,Hindi,,Maths,,EVS,,French,,Computer,,AI,,FL,
9,Dron Valecha,PT I,23,40,9,40,26,40,26,40,20,20,3,10,2,10,7,10
,,TERM I,31,60,21,60,26,60,17,60,40,40,16,30,5,20,17,30
,,PT II,26,40,17,40,31,40,26,40,20,20,6,10,6,10,4,10
S. No.,Student Name,EXAM,English,,Hindi,,Maths,,EVS,,French,,Computer,,AI,,FL,
10,Mehreen Naved,PT I,20,40,3,40,6,40,14,40,16,20,1,10,1,10,5,10
,,TERM I,35,60,14,60,16,60,18,60,39,40,10,30,6,20,8,30
,,PT II,21,40,12,40,14,40,15,40,17,20,5,10,2,10,2,10
S. No.,Student Name,EXAM,English,,Hindi,,Maths,,EVS,,French,,Computer,,AI,,FL,
11,Md. Mustafa,PT I,35,40,7,40,30,40,34,40,20,20,5,10,7,10,6,10
,,TERM I,49,60,26,60,37,60,49,60,40,40,21,30,15,20,23,30
,,PT II,35,40,9,40,35,40,38,40,20,20,6,10,7,10,5,10
S. No.,Student Name,EXAM,English,,Hindi,,Maths,,EVS,,French,,Computer,,AI,,FL,
12,Rajvardhan Rathi,PT I,24,40,20,40,25,40,29,40,20,20,5,10,0,10,8,10
,,TERM I,49,60,32,60,37,60,48,60,40,40,23,30,15,20,24,30
,,PT II,34,40,28,40,31,40,38,40,20,20,7,10,8,10,9,10
S. No.,Student Name,EXAM,English,,Hindi,,Maths,,EVS,,French,,Computer,,AI,,FL,
13,Safan Khan,PT I,21,40,9,40,16,40,22,40,17.5,20,4,10,2,10,6,10
,,TERM I,40,60,31,60,31,60,31,60,39,40,16,30,7,20,14,30
,,PT II,24,40,18,40,20,40,29,40,18.5,20,4,10,7,10,4,10
S. No.,Student Name,EXAM,English,,Hindi,,Maths,,EVS,,French,,Computer,,AI,,FL,
14,Saikrishna M,PT I,8,40,5,40,5,40,5,40,15,20,1,10,1,10,1,10
,,TERM I,10,60,5,60,15,60,11,60,35,40,13,30,10,20,8,30
,,PT II,8,40,3,40,13,40,8,40,14,20,2,10,3,10,4,10
S. No.,Student Name,EXAM,English.,,Hindi,,Maths,,EVS,,French,,Computer,,AI,,FL,
15,Saksham Nagliya,PT I,7,40,2,40,9,40,6,40,18,20,0,10,1,10,2,10
,,TERM I,12,60,13,60,30,60,15,60,38,40,16,30,11,20,9,30
,,PT II,10,40,8,40,15,40,8,40,13.5,20,4,10,4,10,5,10
S. No.,Student Name,EXAM,English,,Hindi,,Maths,,EVS,,French,,Computer,,AI,,FL,
16,Shanzay Fatima,PT I,21,40,7,40,12,40,20,40,19.5,20,3,10,1,10,3,10
,,TERM I,38,60,9,60,30,60,38,60,40,40,13,30,8,20,6,30
,,PT II,23,40,10,40,21,40,33,40,20,20,3,10,5,10,4,10
S. No.,Student Name,EXAM,English,,Hindi,,Maths,,EVS,,French,,Computer,,AI,,FL,
17,Tanishka Soni,PT I,21,40,20,40,7,40,17,40,10.5,20,0,10,1,10,3,10
,,TERM I,30,60,28,60,24,60,25,60,40,40,12,30,12,20,6,30
,,PT II,26,40,19,40,21,40,23,40,19,20,5,10,3,10,6,10
S. No.,Student Name,EXAM,English,,Hindi,,Maths,,EVS,,French,,Computer,,AI,,FL,
18,Vansh Meena,PT I,9,40,3,40,14,40,2,40,12,20,2,10,0,10,4,10
,,TERM I,6,60,10,60,16,60,6,60,32,40,4,30,8,20,0,30
,,PT II,6,40,1,40,16,40,7,40,11,20,3,10,4,10,0,10
S. No.,Student Name,EXAM,English,,Hindi,,Maths,,EVS,,French,,Computer,,AI,,FL,
19,Harshita,PT I,,40,,40,,40,,40,absent ,20,,10,,10,Ab,10
,,TERM I,,60,,60,,60,,60,,40,,30,,20,Ab,30
,,PT II,26,40,24,40,23,40,35,40,20,20,8,10,5,10,6,10