"PODAR WORLD SCHOOL,BADWAI BHOPAL",,,,,,,,,,,,,,,,,,,,,,,,
RESULT ANALYSIS 2025-26,,,,,,,,,,,,,,,,,,,,,,,,
CLASS VI,,,,,,,,,,,,,,,,,,,,,,,,
S. No.,Student Name,EXAM,English,Out Off,Hindi,Out Off,Maths,Out Off,Science,Out Off,Social Science,Out Off,Computer,Out Off,Sanskrit,Out Off,French,Out Off,AI,Out Off,Web Design,Out Off,FL,Out Off
1,Aayat Raeen,PT I,14,40,20,40,8,40,6,40,6,40,5,10,,,15,20,3,10,1,10,2,10
,,TERM I,38,80,29,80,15,80,14,80,20,80,12,30,,,48,60,4,20,1,20,11,30
,,PT II,25,40,20,40,9,40,6,40,11,40,3,10,,,17.5,20,1,10,7,10,5,10
S. No.,Student Name,EXAM,English,Out Off,Hindi,Out Off,Maths,Out Off,Science,Out Off,Social Science,Out Off,Computer,Out Off,Sanskrit,Out Off,French,Out Off,AI,Out Off,Web Design,Out Off,FL,Out Off
2,Aliya Ali,PT I,17,40,14,40,11,40,4,40,10,40,10,10,,,13,20,3.5,10,3,10,7,10
,,TERM I,32,80,30,80,17,80,34,80,31,80,16,30,,,42,60,6,20,3,20,18,30
,,PT II,27,40,18,40,16,40,24,40,13,40,5,10,,,19,20,5,10,6,10,7,10
S. No.,Student Name,EXAM,English,Out Off,Hindi,Out Off,Maths,Out Off,Science,Out Off,Social Science,Out Off,Computer,Out Off,Sanskrit,Out Off,French,Out Off,AI,Out Off,Web Design,Out Off,FL,Out Off
3,Aradhya Sahu,PT I,30,40,25,40,29,40,26,40,17,40,8,10,,,18,20,10,10,5,10,8,10
,,TERM I,64,80,57,80,41,80,63,80,33,80,22,30,,,54,60,4,20,17,20,20,30
,,PT II,30,40,34,40,29,40,32,40,25,40,10,10,,,19.5,20,9,10,10,10,10,10
S. No.,Student Name,EXAM,English,Out Off,Hindi,Out Off,Maths,Out Off,Science,Out Off,Social Science,Out Off,Computer,Out Off,Sanskrit,Out Off,French,Out Off,AI,Out Off,Web Design,Out Off,FL,Out Off
4,Fazeela Baig,PT I,13,40,15,40,12,40,7,40,6,40,4.5,10,,,15.5,20,3,10,5,10,5,10
,,TERM I,56,80,32,80,14,80,11,80,22,80,8,30,,,31,60,3,20,8,20,10,30
,,PT II,35,40,21,40,6,40,12,40,12,40,6,10,,,10,20,5,10,6,10,7,10
S. No.,Student Name,EXAM,English,Out Off,Hindi,Out Off,Maths,Out Off,Science,Out Off,Social Science,Out Off,Computer,Out Off,Sanskrit,Out Off,French,Out Off,AI,Out Off,Web Design,Out Off,FL,Out Off
5,Isra Khan,PT I,33,40,31,40,11,40,15,40,15,40,6,10,,,16,20,9.5,10,6,10,8,10
,,TERM I,56,80,38,80,19,80,38,80,33,80,12,30,,,39.5,60,9,20,8,20,19,30
,,PT II,35,40,26,40,12,40,27,40,23,40,ab,10,,,14,20,6,10,6,10,ab,10
S. No.,Student Name,EXAM,English,Out Off,Hindi,Out Off,Maths,Out Off,Science,Out Off,Social Science,Out Off,Computer,Out Off,Sanskrit,Out Off,French,Out Off,AI,Out Off,Web Design,Out Off,FL,Out Off
6,Jaishikha Singh,PT I,Ab,40,🆎,40,ab,40,0,40,14,40,ab,10,7,20,,,ab,10,ab,10,ab,10
,,TERM I,21,80,45,80,11,80,16,80,12,80,10,30,27,60,,,7,20,9,20,15,30
,,PT II,Ab,40,🆎,40,15,40,0,40,10,40,ab,10,9,20,,,,10,,10,ab,10
S. No.,Student Name,EXAM,English,Out Off,Hindi,Out Off,Maths,Out Off,Science,Out Off,Social Science,Out Off,Computer,Out Off,Sanskrit,Out Off,French,Out Off,AI,Out Off,Web Design,Out Off,FL,Out Off
7,Mehul Sharma,PT I,35,40,32,40,30,40,24,40,24,40,9,10,15,20,,,9.5,10,4,10,7,10
,,TERM I,62,80,58,80,53,80,51,80,38,80,26,30,43,60,,,12,20,15,20,22,30
,,PT II,35,40,31,40,33,40,30,40,20,40,6,10,15,20,,,7,10,6,10,8,10
S. No.,Student Name,EXAM,English,Out Off,Hindi,Out Off,Maths,Out Off,Science,Out Off,Social Science,Out Off,Computer,Out Off,Sanskrit,Out Off,French,Out Off,AI,Out Off,Web Design,Out Off,FL,Out Off
8,Mohd. Aariz,PT I,6,40,4,40,2,40,4,40,11,40,0,10,,,13,20,2.5,10,0,10,4,10
,,TERM I,20,80,9,80,4,80,4,80,5,80,7,30,,,41,60,2,20,4,20,10,30
,,PT II,22,40,6,40,4,40,2,40,1,40,2,10,,,14,20,4,10,4,10,4,10
S. No.,Student Name,EXAM,English,Out Off,Hindi,Out Off,Maths,Out Off,Science,Out Off,Social Science,Out Off,Computer,Out Off,Sanskrit,Out Off,French,Out Off,AI,Out Off,Web Design,Out Off,FL,Out Off
9,Mohd. Nadir,PT I,22,40,15,40,11,40,17,40,13,40,ab,10,,,absent ,20,8.5,10,1,10,3,10
,,TERM I,37,80,22,80,13,80,33,80,27,80,11,30,,,49,60,6,20,3,20,19,30
,,PT II,25,40,15,40,8,40,27,40,13,40,8,10,,,16.5,20,8,10,4,10,6,10
S. No.,Student Name,EXAM,English,Out Off,Hindi,Out Off,Maths,Out Off,Science,Out Off,Social Science,Out Off,Computer,Out Off,Sanskrit,Out Off,French,Out Off,AI,Out Off,Web Design,Out Off,FL,Out Off
10,Naira Ahmed,PT I,21,40,21,40,9,40,17,40,14,40,6,10,,,17.5,20,5.5,10,6,10,6,10
,,TERM I,37,80,36,80,42,80,33,80,21,80,15,30,,,46,60,7,20,10,20,18,30
,,PT II,33,40,25,40,27,40,27,40,14,40,9,10,,,17,20,9,10,5,10,7,10
S. No.,Student Name,EXAM,English,Out Off,Hindi,Out Off,Maths,Out Off,Science,Out Off,Social Science,Out Off,Computer,Out Off,Sanskrit,Out Off,French,Out Off,AI,Out Off,Web Design,Out Off,FL,Out Off
11,Noor Fatima,PT I,Ab,40,🆎,40,ab,40,0,40,16,40,ab,10,,,absent ,20,ab,10,ab,10,ab,10
,,TERM I,21,80,28,80,8,80,6,80,22,80,12,30,,,51,60,3,20,8,20,8,30
,,PT II,24,40,21,40,8,40,16,40,10,40,2,10,,,17.5,20,6,10,3,10,5,10
S. No.,Student Name,EXAM,English,Out Off,Hindi,Out Off,Maths,Out Off,Science,Out Off,Social Science,Out Off,Computer,Out Off,Sanskrit,Out Off,French,Out Off,AI,Out Off,Web Design,Out Off,FL,Out Off
12,Parth Patidar,PT I,14,40,30,40,17,40,5,40,10,40,4,10,12,20,,,5.5,10,2,10,3,10
,,TERM I,35,80,51,80,33,80,23,80,24,80,14,30,27,60,,,9,20,13,20,15,30
,,PT II,23,40,31,40,23,40,27,40,17,40,7,10,12,20,,,7,10,5,10,8,10
S. No.,Student Name,EXAM,English,Out Off,Hindi,Out Off,Maths,Out Off,Science,Out Off,Social Science,Out Off,Computer,Out Off,Sanskrit,Out Off,French,Out Off,AI,Out Off,Web Design,Out Off,FL,Out Off
13,Trisha Mehra,PT I,29,40,26,40,18,40,21,40,21,40,7.5,10,,,15.5,20,4.5,10,1,10,8,10
,,TERM I,46,80,34,80,31,80,45,80,29,80,19,30,,,49.5,60,14,20,13,20,16,30
,,PT II,33,40,24,40,22,40,28,40,24,40,6,10,,,18.5,20,8,10,6,10,7,10