"PODAR WORLD SCHOOL,BADWAI BHOPAL",,,,,,,,,,,,,,
RESULT ANALYSIS 2025-26,,,,,,,,,,,,,,
CLASS IX,,,,,,,,,,,,,,
S. No.,Student Name,EXAM,English,Out Off,Hindi,Out Off,Maths,Out Off,Science,Out Off,Social Science,Out Off,Computer,Out Off
1,Aliya Raeen,PT I,,40,13,40,25,40,22,40,23,40,19,50
,,TERM I,,80,33,80,24,80,34,80,32,80,34,50
,,PT II,,80,36,40,27,80,42,80,27,80,20,50
S. No.,Student Name,EXAM,English,Out Off,Hindi,Out Off,Maths,Out Off,Science,Out Off,Social Science,Out Off,Computer,Out Off
2,Arjun Saini,PT I,,40,11,40,31,40,14,40,12,40,15,50
,,TERM I,,80,24,80,33.5,80,37,80,27,80,30,50
,,PT II,,80,22,40,34,80,35,80,32,80,9,50
S. No.,Student Name,EXAM,English,Out Off,Hindi,Out Off,Maths,Out Off,Science,Out Off,Social Science,Out Off,Computer,Out Off
3,Mann Choksey,PT I,,40,🆎,80,15,40,0,40,Ab,40,NA,50
,,TERM I,,80,6,40,5.5,80,11,80,16,80,20,50
,,PT II,,80,22,80,9,80,28,80,28,80,15,50
S. No.,Student Name,EXAM,English,Out Off,Hindi,Out Off,Maths,Out Off,Science,Out Off,Social Science,Out Off,Computer,Out Off
4,Raunak Soni,PT I,,40,15,40,22,40,20,40,8,40,18,50
,,TERM I,,80,30,80,17.5,80,29,80,35,80,24,50
,,PT II,,80,39,40,22,80,36,80,31,80,12,50
S. No.,Student Name,EXAM,English,Out Off,Hindi,Out Off,Maths,Out Off,Science,Out Off,Social Science,Out Off,Computer,Out Off
5,Shaswat Nema,PT I,,40,25,40,22,40,25,40,18,40,29,50
,,TERM I,,80,45,80,28.5,80,55,80,44,80,38,50
,,PT II,,80,43,40,27.5,80,65,80,36,80,22,50
S. No.,Student Name,EXAM,English,Out Off,Hindi,Out Off,Maths,Out Off,Science,Out Off,Social Science,Out Off,Computer,Out Off
6,Taha Mirza,PT I,,40,22,40,29,40,24,40,15,40,21,
,,TERM I,,80,53,80,35.5,80,48,80,34,80,44,50
,,PT II,,80,50,40,51.5,80,73,80,37,80,25,50
S. No.,Student Name,EXAM,English,Out Off,Hindi,Out Off,Maths,Out Off,Science,Out Off,Social Science,Out Off,Computer,Out Off
7,Tanish Ramnani,PT I,,40,14,40,29,40,31,40,20,40,23,50
,,TERM I,,80,31,80,45,80,56,80,52,80,37,50
,,PT II,,80,25,40,46.5,80,73,80,44,80,11,50